Time,Intent,Activity,FocusedMinutes,FocusScore,Motivation
2026-02-03 19:47:17,study,other,0.0,0.0,It's okay! Every minute of focus counts. Let's try again ğŸ’™
2026-02-03 19:47:37,study,other,0.0,0.0,It's okay! Every minute of focus counts. Let's try again ğŸ’™
2026-02-03 19:56:44,study,other,0.0,0.0,It's okay! Every minute of focus counts. Let's try again ğŸ’™
2026-02-04 09:24:36,study,other,0.0,0.0,It's okay! Every minute of focus counts. Let's try again ğŸ’™
2026-02-04 09:26:01,study,social,0.0,0.0,It's okay! Every minute of focus counts. Let's try again ğŸ’™
2026-02-04 09:26:52,study,other,0.0,0.0,It's okay! Every minute of focus counts. Let's try again ğŸ’™
2026-02-04 09:27:17,study,other,0.0,0.0,It's okay! Every minute of focus counts. Let's try again ğŸ’™
2026-02-04 09:28:25,study,other,0.0,0.0,It's okay! Every minute of focus counts. Let's try again ğŸ’™
2026-02-04 09:28:55,study,other,0.0,0.0,It's okay! Every minute of focus counts. Let's try again ğŸ’™
2026-02-04 09:29:10,study,other,0.0,0.0,It's okay! Every minute of focus counts. Let's try again ğŸ’™
2026-02-04 09:41:45,study,social,0.42,55.54,It's okay! Every minute of focus counts. Let's try again ğŸ’™
2026-02-04 09:42:20,study,other,0.42,31.25,It's okay! Every minute of focus counts. Let's try again ğŸ’™
2026-02-04 09:42:45,study,other,0.42,23.81,It's okay! Every minute of focus counts. Let's try again ğŸ’™
2026-02-04 10:07:19,study,social,0.0,0.0,It's okay! Every minute of focus counts. Let's try again ğŸ’™
2026-02-04 10:12:01,study,social,0.08,16.67,It's okay! Every minute of focus counts. Let's try again ğŸ’™
